Timestamp,SpeciesUId,Sighting-count,lat,long
2015/04/26 10:07:12,384,A,Unable to determine GPS,Unable to determine GPS
2015/04/26 10:09:02,4131,C,Unable to determine GPS,Unable to determine GPS
2015/04/26 10:23:50,719,C,-24.9935770782,31.2791739974
2015/04/26 10:24:44,730,A,-24.9935770782,31.2791739974
2015/04/26 10:31:41,4062,C,-24.9860369678,31.2944464336
2015/04/26 10:34:01,797,A,-24.9851063945,31.2968155488
2015/04/26 10:37:14,517,A,-24.9822404283,31.3064929977
2015/04/26 10:39:14,4060,A,-24.9818322256,31.3093912424
2015/04/26 10:48:13,69,A,-24.9859162126,31.294481082
2015/04/26 10:55:05,435,A,-24.9859752944,31.2945483575
2015/04/26 11:06:57,134,D,-25.0005721446,31.2785636119
2015/04/26 11:07:14,136,C,-25.0005721446,31.2785636119
2015/04/26 11:10:58,474,A,-25.0098078671,31.2824568957
2015/04/26 11:13:06,4090,C,-25.0186017269,31.2875761515
2015/04/26 11:14:18,4131,D,-25.022064774,31.2863982019
2015/04/26 11:21:07,551,D,-25.0295854316,31.2994213549
2015/04/26 11:23:04,537,A,-25.0292146844,31.3068732449
2015/04/26 11:24:35,384,A,-25.0278686509,31.3117902498
2015/04/26 11:25:21,4103,A,-25.0280105469,31.3123819404
2015/04/26 11:27:37,4100,A,-25.0301799791,31.3178627874
2015/04/26 11:29:42,4131,A,-25.0274732035,31.3240454284
2015/04/26 11:34:53,4062,D,-25.0241737568,31.3338467192
2015/04/26 11:36:13,268,A,-25.024254576,31.3339059071
2015/04/26 11:37:32,4163,C,-25.024254576,31.3339059071
2015/04/26 11:40:02,4061,A,-25.024225972,31.3338971638
2015/04/26 11:40:25,113,B,-25.0242258435,31.3339135296
2015/04/26 11:41:31,737,C,-25.0242277259,31.3338967688
2015/04/26 11:41:47,66,A,-25.0242398529,31.33389791
2015/04/26 11:44:45,4321,C,-25.0236322649,31.3385440653
2015/04/26 11:45:01,4400,A,-25.023983699,31.3390181417
2015/04/26 11:45:34,4131,D,-25.024459325,31.339876391
2015/04/26 11:49:49,704,A,-25.0287717891,31.3631612649
2015/04/26 11:53:45,4060,D,-25.0246485594,31.382894252
2015/04/26 11:59:52,4163,C,-25.023267174,31.3891681619
2015/04/26 12:03:55,4090,C,-25.0183944407,31.4108843493
2015/04/26 12:04:17,4160,A,-25.0177152042,31.4120572722
2015/04/26 12:09:44,537,A,-25.0095097841,31.440966885
2015/04/26 12:12:01,4301,B,-25.0095407941,31.4439158851
2015/04/26 12:12:49,134,B,-25.0100299265,31.4457495034
2015/04/26 12:14:57,728,A,-25.0119022076,31.4519389448
2015/04/26 12:15:51,462,A,-25.0123130945,31.4536590184
2015/04/26 12:16:49,464,B,-25.0123411014,31.4548689447
2015/04/26 12:20:57,454,A,-25.0054939417,31.4728815089
2015/04/26 12:22:40,4131,D,-25.0021015598,31.4834565401
2015/04/26 12:23:07,2600,A,-25.0020558815,31.4835382567
2015/04/26 12:25:51,537,B,-24.9961518917,31.4993210223
2015/04/26 12:26:27,704,A,-24.9955348024,31.5038617317
2015/04/26 12:33:32,4131,D,-24.9917670444,31.5407131866
2015/04/26 12:33:43,4060,D,-24.9917670444,31.5407131866
2015/04/26 12:43:44,4131,D,-24.9944958948,31.5829050477
2015/04/26 12:44:25,4163,A,-24.9966692231,31.5852968255
2015/04/26 12:55:12,556,A,-24.9958852812,31.5920602296
2015/04/26 13:34:37,4061,B,-24.9932158744,31.5915108317
2015/04/26 13:34:54,4345,C,-24.9931563366,31.5915408606
2015/04/26 13:36:00,81,A,-24.9935614164,31.5914672141
2015/04/26 14:42:34,4131,C,-24.9946112823,31.5829728043
2015/04/26 14:43:31,212,A,-24.9912980973,31.5792580549
2015/04/26 14:45:46,371,A,-24.9928324944,31.5642149374
2015/04/26 14:46:55,454,A,-24.9921211412,31.5600948028
2015/04/26 14:52:55,4301,A,-24.9860309896,31.5649145139
2015/04/26 15:03:30,481,A,-24.9813216743,31.5662235908
2015/04/26 15:15:22,160,A,-24.9813345836,31.5661332017
2015/04/26 15:15:57,438,B,-24.9813280329,31.566134762
2015/04/26 15:16:13,436,A,-24.9813385578,31.566145388
2015/04/26 15:16:21,2606,A,-24.9813453593,31.5661557417
2015/04/26 15:16:43,311,C,-24.9813453593,31.5661557417
2015/04/26 15:16:55,2001,A,-24.9813453593,31.5661557417
2015/04/26 15:17:07,4062,C,-24.9813453593,31.5661557417
2015/04/26 15:18:58,556,C,-24.9813311744,31.5661698433
2015/04/26 15:33:27,249,A,-24.9823527752,31.5642701719
2015/04/26 15:33:40,4107,A,-24.9826297302,31.5642808674
2015/04/26 15:35:02,537,A,-24.9862072076,31.564650876
2015/04/26 15:35:49,435,A,-24.988824826,31.5627359501
2015/04/26 15:48:49,4320,D,-24.9921743943,31.6087361195
2015/04/26 15:50:51,100,A,-24.9910383574,31.6019908374
2015/04/26 15:52:08,113,B,-24.9907256148,31.6016992133
2015/04/26 15:55:59,679,A,-24.9886777395,31.6016057468
2015/04/26 15:58:24,4131,A,-24.9822053679,31.6067579611
2015/04/26 15:59:25,462,A,-24.9794752629,31.611936612
2015/04/26 16:01:12,537,A,-24.9769153212,31.6227436971
2015/04/26 16:02:34,198,B,-24.9732031916,31.6255376704
2015/04/26 16:03:27,4321,D,-24.9714465512,31.6255878562
2015/04/26 16:10:03,4400,B,-24.9631892107,31.6335338917
2015/04/26 16:13:51,4107,B,-24.9595100366,31.6441521082
2015/04/26 16:17:25,737,A,-24.9543409317,31.6504528194
2015/04/26 16:18:51,366,A,-24.9516385223,31.6563350106
2015/04/26 16:19:49,4043,A,-24.9508575136,31.6584990978
2015/04/26 16:27:15,4060,A,-24.9424028562,31.6776124081
2015/04/26 16:29:15,4040,D,-24.941757369,31.6780803935
2015/04/26 16:34:56,4107,A,-24.9392637816,31.6707664101
2015/04/26 16:36:36,4041,A,-24.9415657548,31.6666130791
2015/04/26 16:41:30,4050,A,-24.9498674082,31.6574429215
2015/04/26 16:42:19,672,A,-24.9497250185,31.6572590273
2015/04/26 16:43:23,4136,C,-24.9504804943,31.6547655788
2015/04/26 16:44:13,4301,B,-24.9505947353,31.654365318
2015/04/26 16:47:08,4131,A,-24.9533215983,31.643540269
2015/04/26 16:50:36,798,B,-24.9589181452,31.6339534244
2015/04/26 16:55:54,93,A,-24.9679171337,31.625617394
2015/04/26 17:02:44,384,A,-24.9772856202,31.61302694
2015/04/26 17:02:53,4131,C,-24.9771510059,31.6126147012
2015/04/26 17:05:11,537,A,-24.9837171177,31.6020628204
2015/04/26 17:07:51,146,A,-24.9882018293,31.601632877
2015/04/26 17:08:45,435,A,-24.9894659416,31.6017263582
2015/04/26 17:11:46,4320,D,-24.9917247515,31.604483535
2015/04/26 17:12:46,4301,A,-24.9920293618,31.6068576402
2015/04/26 17:12:55,4131,D,-24.9920959532,31.6075676282
2015/04/26 17:17:01,100,C,-25.0023168427,31.6048865095
2015/04/26 20:25:37,4324,A,-24.9960894928,31.5934965533
2015/04/27 06:03:41,4131,D,-25.0010094606,31.6064370812
2015/04/27 06:04:00,100,C,-25.0000983487,31.6075650257
2015/04/27 06:07:13,205,A,-24.9918372013,31.6098151121
2015/04/27 06:08:37,113,B,-24.9917003424,31.6045046145
2015/04/27 06:10:03,4320,D,-24.9906830713,31.6017250255
2015/04/27 06:11:04,679,A,-24.9904704136,31.6017374315
2015/04/27 06:13:53,146,A,-24.9905129273,31.6017283196
2015/04/27 06:14:33,401,A,-24.9904983953,31.6017328518
2015/04/27 06:27:32,4400,A,-24.9823755143,31.6047284445
2015/04/27 06:28:13,737,C,-24.9823117976,31.6056519384
2015/04/27 06:28:34,384,A,-24.982212021,31.60667082
2015/04/27 06:28:56,537,A,-24.9821332522,31.6076422888
2015/04/27 06:29:13,4131,C,-24.9820888438,31.6081400557
2015/04/27 06:31:10,556,A,-24.9800141637,31.6111944053
2015/04/27 06:34:42,198,C,-24.9772563967,31.6144618037
2015/04/27 06:37:14,704,A,-24.9769829123,31.6188238187
2015/04/27 06:37:42,464,A,-24.9769758871,31.6192280336
2015/04/27 06:38:31,4131,D,-24.9770376153,31.621299636
2015/04/27 06:39:43,730,A,-24.9770152582,31.6228298051
2015/04/27 06:42:04,212,D,-24.9694807903,31.6256278851
2015/04/27 06:44:22,679,A,-24.9669032755,31.6254152778
2015/04/27 06:48:00,223,A,-24.9715803992,31.6256067677
2015/04/27 06:52:27,368,A,-24.9823379141,31.6055060425
2015/04/27 06:55:42,520,A,-24.9893709343,31.6016539979
2015/04/27 06:56:46,258,A,-24.9898126643,31.6016675298
2015/04/27 06:58:24,436,A,-24.9904793471,31.601708197
2015/04/27 07:04:06,74,A,-24.9908192693,31.6100036622
2015/04/27 07:08:55,212,D,-24.9887428379,31.6186920475
2015/04/27 07:11:34,4107,A,-24.9862600683,31.6239620471
2015/04/27 07:13:12,268,C,-24.9853982401,31.62494592
2015/04/27 07:15:43,449,C,-24.9846653928,31.6270727096
2015/04/27 07:22:28,556,A,-24.984663338,31.6270583601
2015/04/27 07:25:05,160,A,-24.9848067426,31.6271462484
2015/04/27 07:25:23,113,B,-24.9848005728,31.6272068155
2015/04/27 07:25:37,366,A,-24.9847584755,31.6274128127
2015/04/27 07:28:20,4321,A,-24.9837982351,31.6309474422
2015/04/27 07:29:35,556,A,-24.9836814759,31.6316212488
2015/04/27 07:30:49,431,C,-24.9829780052,31.6335460129
2015/04/27 07:31:16,401,A,-24.9826922721,31.6344901937
2015/04/27 07:31:32,205,A,-24.9825638761,31.6350901424
2015/04/27 07:32:27,4131,D,-24.9819177825,31.6368749205
2015/04/27 07:35:48,268,A,-24.9791798512,31.6398047736
2015/04/27 07:38:18,4131,C,-24.9786065481,31.6493901926
2015/04/27 07:47:05,4400,D,-24.9757525595,31.6684372926
2015/04/27 07:49:22,4131,A,-24.9709684102,31.6714808444
2015/04/27 07:50:01,537,A,-24.9701930623,31.673520551
2015/04/27 07:55:10,401,A,-24.9654435193,31.6819727691
2015/04/27 07:59:56,4131,E,-24.9654001256,31.6887092312
2015/04/27 08:04:19,442,B,-24.9649200331,31.6919150703
2015/04/27 08:07:04,4131,D,-24.964910932,31.6964642116
2015/04/27 08:07:30,433,C,-24.9656569024,31.6980729056
2015/04/27 08:14:27,600,B,-24.9644485041,31.7045034181
2015/04/27 08:16:39,431,A,-24.962611422,31.7088910471
2015/04/27 08:17:15,4131,D,-24.9614577407,31.7107851912
2015/04/27 08:21:12,97,A,-24.9553903075,31.7171141842
2015/04/27 08:22:51,113,C,-24.9549112145,31.7168700481
2015/04/27 08:23:15,436,A,-24.9545748577,31.716711798
2015/04/27 08:24:09,449,C,-24.9537711594,31.7163495545
2015/04/27 08:24:32,4321,A,-24.9528896323,31.7159275931
2015/04/27 08:24:49,4062,D,-24.9530756828,31.7160407106
2015/04/27 08:34:37,4060,C,-24.9559187564,31.7199417878
2015/04/27 08:36:18,4131,C,-24.9556777344,31.7222470339
2015/04/27 08:39:20,212,A,-24.961804201,31.7344823389
2015/04/27 08:48:38,4321,C,-24.9762729313,31.7661257551
2015/04/27 08:50:01,4060,D,-24.977794871,31.7673813742
2015/04/27 08:57:06,4131,D,-24.9836407622,31.7672127165
2015/04/27 09:02:12,4061,A,-24.986105104,31.7669708913
2015/04/27 09:02:20,4060,D,-24.9862546714,31.7669885524
2015/04/27 09:03:42,730,D,-24.9894293828,31.7670771953
2015/04/27 09:06:55,311,C,-24.9917029131,31.7668690941
2015/04/27 09:09:34,4107,A,-24.9963024471,31.7682937345
2015/04/27 09:39:20,748,A,-24.9967468881,31.7690805898
2015/04/27 09:39:33,754,B,-24.9967589586,31.769081711
2015/04/27 09:39:53,4321,D,-24.9967600557,31.7690501503
2015/04/27 09:53:21,672,A,-25.0066045356,31.7778395203
2015/04/27 09:54:18,678,B,-25.0089215546,31.7786788968
2015/04/27 09:55:50,377,B,-25.009899484,31.7792758592
2015/04/27 09:56:15,537,C,-25.0102633884,31.7795879718
2015/04/27 09:56:42,4060,C,-25.0110624202,31.7801932746
2015/04/27 09:59:45,464,B,-25.0179419651,31.7824358015
2015/04/27 10:00:17,401,A,-25.0188309334,31.78239669
2015/04/27 10:01:11,4131,D,-25.0202385952,31.7825087055
2015/04/27 10:05:37,4321,C,-25.0271713601,31.7905123712
2015/04/27 10:07:08,4060,D,-25.03018676,31.7938110713
2015/04/27 10:10:09,454,A,-25.0363749255,31.7994092148
2015/04/27 10:11:29,678,A,-25.0364275547,31.7995284266
2015/04/27 10:12:40,458,A,-25.037084419,31.7998685405
2015/04/27 10:12:56,4131,D,-25.037512486,31.8001675745
2015/04/27 10:21:55,556,C,-25.052154687,31.8102634473
2015/04/27 10:22:56,450,A,-25.0521615255,31.8106920453
2015/04/27 10:25:56,368,A,-25.0537270652,31.8108396344
2015/04/27 10:26:08,4103,A,-25.0537513095,31.8108679073
2015/04/27 10:27:33,384,A,-25.0551525916,31.812302191
2015/04/27 10:29:17,198,B,-25.0574583231,31.8152254269
2015/04/27 10:29:36,366,A,-25.0579436695,31.8155884438
2015/04/27 10:29:45,4131,D,-25.0581768226,31.8157560925
2015/04/27 10:32:18,454,B,-25.0596680767,31.8178318471
2015/04/27 10:32:57,737,C,-25.0604862309,31.8185429182
2015/04/27 10:37:41,464,B,-25.0644522792,31.8242981055
2015/04/27 10:44:15,4131,D,-25.0727532432,31.8442315609
2015/04/27 10:45:22,4060,D,-25.0733238799,31.8457694371
2015/04/27 10:48:02,737,C,-25.0738686866,31.8474785963
2015/04/27 10:48:32,464,C,-25.0739688346,31.8477842906
2015/04/27 10:51:21,212,D,-25.0767841097,31.859865685
2015/04/27 10:53:37,4400,C,-25.0808609609,31.8648609923
2015/04/27 10:55:42,4107,A,-25.0857670426,31.8685451531
2015/04/27 10:57:46,474,A,-25.092301314,31.8739868572
2015/04/27 11:00:25,556,A,-25.0958773223,31.8773430219
2015/04/27 11:00:37,4062,B,-25.0964768643,31.8780379661
2015/04/27 11:01:52,449,A,-25.0975475387,31.8792416257
2015/04/27 11:03:11,76,A,-25.0989272895,31.8808471116
2015/04/27 11:04:16,4060,E,-25.1008130924,31.8837595897
2015/04/27 11:08:22,537,A,-25.1012710629,31.8880349145
2015/04/27 11:08:32,464,A,-25.1013369105,31.8885523598
2015/04/27 11:08:56,384,A,-25.1014764012,31.8898068375
2015/04/27 11:11:55,4320,D,-25.1051590302,31.9007808651
2015/04/27 11:13:21,4060,C,-25.1068577918,31.9031751869
2015/04/27 11:14:48,464,A,-25.1112042884,31.907239412
2015/04/27 11:16:24,113,A,-25.1126574345,31.9086191488
2015/04/27 11:16:43,4131,D,-25.1132898865,31.9092659479
2015/04/27 11:20:26,268,C,-25.1160697018,31.911507464
2015/04/27 11:21:31,106,B,-25.1160874659,31.911512224
2015/04/27 11:21:41,436,A,-25.1160885705,31.9115203328
2015/04/27 11:22:43,101,D,-25.1160851368,31.9115051818
2015/04/27 11:23:14,2001,D,-25.1160942624,31.9115170033
2015/04/27 11:23:25,4062,C,-25.1160952544,31.9115248618
2015/04/27 11:23:36,4061,C,-25.1160836495,31.9115201151
2015/04/27 11:24:00,110,D,-25.1160773985,31.9115125807
2015/04/27 11:24:36,74,C,-25.1160579799,31.9115163173
2015/04/27 11:24:49,105,C,-25.1160515147,31.9115195449
2015/04/27 11:25:30,308,C,-25.1160158657,31.9115164185
2015/04/27 11:31:31,258,B,-25.1160742406,31.91150981
2015/04/27 11:31:54,274,A,-25.116106224,31.9115378859
2015/04/27 11:38:35,311,C,-25.1159936767,31.9114989733
2015/04/27 12:19:37,731,D,-25.1203680659,31.9151062594
2015/04/27 12:19:58,4281,A,-25.120362304,31.9150891408
2015/04/27 12:20:19,368,C,-25.1203397138,31.9150895345
2015/04/27 12:49:57,672,A,-25.1203655573,31.9150814336
2015/04/27 13:19:52,4061,C,-25.1241147298,31.9230601479
2015/04/27 13:20:04,4062,C,-25.1239536143,31.9239278549
2015/04/27 13:20:35,4131,D,-25.1224292183,31.9242454729
2015/04/27 13:23:05,4166,A,-25.1214385531,31.9246111637
2015/04/27 13:23:52,69,A,-25.1214385531,31.9246111637
2015/04/27 13:34:53,704,A,-25.0952738683,31.9190953291
2015/04/27 13:36:09,454,A,-25.0926866423,31.9188610335
2015/04/27 13:36:39,4090,A,-25.0915518921,31.9187030169
2015/04/27 13:39:46,4301,A,-25.0871417712,31.9186683028
2015/04/27 13:44:00,4103,A,-25.0866231052,31.9187185544
2015/04/27 13:46:48,462,A,-25.0771054794,31.9185165497
2015/04/27 13:54:45,759,C,-25.063560685,31.9194115748
2015/04/27 13:55:28,704,C,-25.0622222327,31.9192549027
2015/04/27 13:57:54,466,C,-25.0620229035,31.9192296778
2015/04/27 14:01:42,4060,D,-25.0567964137,31.9172820851
2015/04/27 14:06:33,454,A,-25.0345354203,31.9079092601
2015/04/27 14:12:54,4163,C,-25.0138876256,31.9152861917
2015/04/27 14:15:35,4060,D,-25.0063086066,31.9120315619
2015/04/27 14:23:16,4064,B,-24.9986423009,31.9108444533
2015/04/27 14:25:59,4061,D,-24.9879829004,31.9047342382
2015/04/27 14:31:51,4064,A,-24.9758627533,31.9036109199
2015/04/27 14:33:15,456,A,-24.970308507,31.9045716665
2015/04/27 14:40:35,155,A,-24.9606244491,31.917034469
2015/04/27 14:46:53,265,A,-24.9327940641,31.915739443
2015/04/27 14:47:07,268,C,-24.931459707,31.9150298353
2015/04/27 14:47:18,4321,A,-24.9302476243,31.9147847879
2015/04/27 14:48:18,207,A,-24.9280959761,31.9155344291
2015/04/27 14:48:30,1,B,-24.9275697692,31.9161462362
2015/04/27 14:49:26,454,A,-24.924908517,31.9207805094
2015/04/27 14:54:05,155,A,-24.9245142845,31.9209478371
2015/04/27 14:55:29,464,A,-24.9215376195,31.9205191241
2015/04/27 14:56:05,4060,B,-24.9188101896,31.9177885779
2015/04/27 15:02:47,4160,A,-24.8923022618,31.9112532422
2015/04/27 15:03:30,454,A,-24.8909001883,31.9095893224
2015/04/27 15:05:35,462,A,-24.8844731791,31.901784397
2015/04/27 15:06:29,207,B,-24.8799908114,31.9001074767
2015/04/27 15:18:58,158,A,-24.8417078659,31.8953489506
2015/04/27 15:23:54,239,A,-24.8246793183,31.8907522114
2015/04/27 15:24:17,728,A,-24.8241244447,31.8882143961
2015/04/27 15:24:29,207,C,-24.8234468615,31.886930104
2015/04/27 15:25:02,464,A,-24.8201031454,31.8856373611
2015/04/27 15:26:01,537,A,-24.8128436786,31.8853359341
2015/04/27 15:26:53,4131,D,-24.8065447933,31.8851338311
2015/04/27 15:27:06,4160,D,-24.8049409329,31.8847719146
2015/04/27 15:27:30,454,A,-24.802704426,31.8825958842
2015/04/27 15:29:08,153,A,-24.801917086,31.8771013739
2015/04/27 15:29:59,2600,A,-24.8013479363,31.8752951142
2015/04/27 15:30:54,368,A,-24.7981501766,31.8686048808
2015/04/27 15:31:36,728,C,-24.7974300942,31.8635808624
2015/04/27 15:33:05,99,B,-24.7941286867,31.8644235084
2015/04/27 15:33:39,4060,B,-24.7900881836,31.8633943933
2015/04/27 15:35:12,4166,A,-24.7840666461,31.8623310321
2015/04/27 15:36:13,537,A,-24.7800347671,31.8695970044
2015/04/27 15:36:27,4131,E,-24.778426131,31.87095641
2015/04/27 15:36:59,704,A,-24.7756164909,31.8706906055
2015/04/27 15:37:09,4160,A,-24.7745664239,31.8703484368
2015/04/27 15:38:39,4320,A,-24.7641284568,31.8730514427
2015/04/27 15:40:10,4163,D,-24.7570317407,31.8732383356
2015/04/27 15:40:25,4090,D,-24.7566272853,31.8728202658
2015/04/27 15:40:46,4301,D,-24.7558474551,31.8719714409
2015/04/27 15:42:10,401,A,-24.7540711299,31.8626878331
2015/04/27 15:43:00,454,A,-24.7525095606,31.8575172898
2015/04/27 15:47:53,4166,B,-24.7390842267,31.8459160375
2015/04/27 15:48:04,4163,B,-24.7385115061,31.8454347064
2015/04/27 15:50:57,160,A,-24.7288333633,31.8384970263
2015/04/27 15:51:47,4320,A,-24.7242633739,31.8358225708
2015/04/27 15:54:02,4163,C,-24.722699885,31.8348615783
2015/04/27 15:54:12,4166,C,-24.722699885,31.8348615783
2015/04/27 15:54:31,308,A,-24.7226457496,31.8348247547
2015/04/27 15:56:53,110,C,-24.7181570897,31.8318602939
2015/04/27 15:57:56,401,A,-24.7111041697,31.8282133051
2015/04/27 15:58:09,4090,D,-24.7098871437,31.8271771152
2015/04/27 16:07:13,4131,A,-24.6563140679,31.7948002109
2015/04/27 16:08:57,464,B,-24.6455848601,31.7995267822
2015/04/27 16:09:36,704,A,-24.6412032096,31.8009660491
2015/04/27 16:14:40,249,A,-24.6204519381,31.7949194349
2015/04/27 16:15:01,113,C,-24.6204519381,31.7949194349
2015/04/27 16:15:09,4060,A,-24.6204519381,31.7949194349
2015/04/27 16:16:34,366,C,-24.6202897984,31.7947935984
2015/04/27 16:17:24,4062,A,-24.6200073772,31.7946529309
2015/04/27 16:18:03,8,A,-24.6198068712,31.7944999023
2015/04/27 16:18:51,258,A,-24.6188918305,31.7939019757
2015/04/27 16:19:01,268,A,-24.6182838373,31.7935057044
2015/04/27 16:26:54,4026,A,-24.5848809799,31.7851559282
2015/04/27 16:27:48,401,A,-24.5811405472,31.7845257179
2015/04/27 16:27:57,2600,A,-24.580184012,31.7843699366
2015/04/27 16:28:17,4301,A,-24.5780051505,31.7839226354
2015/04/27 16:30:50,4061,C,-24.5698960998,31.7802225077
2015/04/27 16:34:52,401,B,-24.5657046393,31.7763164152
2015/04/27 16:35:04,4163,A,-24.5649726425,31.7754613438
2015/04/27 16:38:50,704,C,-24.5375431985,31.7663256745
2015/04/27 16:42:34,454,B,-24.5331181336,31.7671791301
2015/04/27 16:44:28,4061,E,-24.5250376348,31.7674125954
2015/04/27 16:48:16,726,C,-24.5241794661,31.7672251549
2015/04/27 16:49:16,737,D,-24.5241763004,31.7671863505
2015/04/27 16:53:04,4103,A,-24.5227930023,31.7667853456
2015/04/27 16:57:50,551,A,-24.5084233819,31.7643093751
2015/04/27 16:58:03,384,A,-24.5082147142,31.7643818576
2015/04/27 16:58:27,704,A,-24.5077898419,31.7645079563
2015/04/27 16:58:56,454,A,-24.5066052438,31.7649372439
2015/04/27 17:05:12,401,A,-24.4928257215,31.7709449732
2015/04/27 17:05:42,704,A,-24.4907738673,31.7715568636
2015/04/27 17:06:55,464,A,-24.4890092437,31.772443253
2015/04/27 17:10:15,424,D,-24.4787457144,31.7811700959
2015/04/27 17:10:41,4400,A,-24.4773580994,31.7819200406
2015/04/27 17:12:50,368,B,-24.4690505543,31.7844143522
2015/04/27 17:15:51,4163,A,-24.4632644693,31.785323902
2015/04/27 17:22:51,4166,C,-24.4424407673,31.7883697777
2015/04/27 17:26:42,134,A,-24.4288774803,31.7875897531
2015/04/27 17:27:42,459,C,-24.4255055754,31.7864462321
2015/04/27 17:31:10,4400,A,-24.4126593137,31.7827291834
2015/04/27 17:34:44,198,C,-24.3935293691,31.783818091
2015/04/27 17:35:19,4090,D,-24.3925705016,31.782697971
2015/04/28 06:22:10,384,D,Unable to determine GPS,Unable to determine GPS
2015/04/28 06:23:55,459,A,Unable to determine GPS,Unable to determine GPS
2015/04/28 06:24:28,704,A,Unable to determine GPS,Unable to determine GPS
2015/04/28 06:24:57,454,A,Unable to determine GPS,Unable to determine GPS
2015/04/28 06:29:40,4166,B,Unable to determine GPS,Unable to determine GPS
2015/04/28 06:29:49,4160,C,Unable to determine GPS,Unable to determine GPS
2015/04/28 06:30:03,464,B,Unable to determine GPS,Unable to determine GPS
2015/04/28 06:32:17,207,A,-24.4094660237,31.7997448941
2015/04/28 06:35:33,384,B,-24.4106619284,31.808533621
2015/04/28 06:38:26,464,B,-24.3994593318,31.8096589966
2015/04/28 06:39:24,522,C,-24.3992882903,31.8096552266
2015/04/28 06:41:51,265,A,-24.3979079155,31.8100475306
2015/04/28 06:44:15,4321,C,-24.3962072037,31.8120502363
2015/04/28 06:44:42,728,B,-24.3962072037,31.8120502363
2015/04/28 06:45:25,442,A,-24.3962431864,31.8131078563
2015/04/28 06:47:51,74,A,-24.3966093342,31.8161810144
2015/04/28 06:51:06,474,A,-24.39867168,31.8253601069
2015/04/28 06:54:00,4400,A,-24.3949783952,31.8327419066
2015/04/28 06:55:57,4160,A,-24.3931181616,31.8378580291
2015/04/28 06:58:02,384,A,-24.3916227199,31.8442851972
2015/04/28 06:59:09,699,A,-24.3920196268,31.8450295237
2015/04/28 07:01:11,265,C,-24.3927778284,31.846435798
2015/04/28 07:02:33,730,C,-24.3935870378,31.8472315215
2015/04/28 07:05:07,4131,A,-24.3929493389,31.8517955134
2015/04/28 07:05:16,113,A,-24.3929324439,31.8518846625
2015/04/28 07:05:45,474,A,-24.3929324439,31.8518846625
2015/04/28 07:05:58,366,A,-24.3929302171,31.852183129
2015/04/28 07:07:14,4166,D,-24.3910596654,31.8562682549
2015/04/28 07:09:20,4005,B,-24.3906077353,31.8577689692
2015/04/28 07:25:46,180,A,-24.3868542151,31.8718491064
2015/04/28 07:28:02,198,B,-24.3881079874,31.879985977
2015/04/28 07:29:40,384,A,-24.3845628606,31.8836212276
2015/04/28 07:30:36,205,A,-24.3833953265,31.8835820498
2015/04/28 07:36:41,158,A,-24.3853645875,31.8932081389
2015/04/28 07:37:06,4400,A,-24.3853645875,31.8932081389
2015/04/28 07:41:30,454,A,-24.3930343869,31.9007562249
2015/04/28 07:44:22,4400,A,-24.39462474,31.9044473757
2015/04/28 07:44:52,551,D,-24.39462474,31.9044473757
2015/04/28 07:46:48,4321,C,-24.3945056089,31.9043364203
2015/04/28 07:47:02,4004,A,-24.3942854223,31.9045630202
2015/04/28 07:47:42,99,A,-24.3947643128,31.9056482218
2015/04/28 07:49:02,4060,A,-24.3944065198,31.9063244531
2015/04/28 07:52:50,160,B,-24.3919685286,31.897489147
2015/04/28 07:53:17,368,A,-24.3907237828,31.8961982025
2015/04/28 08:02:07,4320,A,-24.3871052862,31.8727229097
2015/04/28 08:12:51,4131,D,-24.3917069314,31.8443595913
2015/04/28 08:19:14,4400,A,-24.3968248433,31.8190214772
2015/04/28 08:19:23,4166,A,-24.3965344207,31.818423997
2015/04/28 08:22:12,366,B,-24.400164448,31.8100413185
2015/04/28 08:22:48,4160,C,-24.402173073,31.8098477726
2015/04/28 08:23:54,4281,A,-24.4063838312,31.809391806
2015/04/28 08:26:33,377,A,-24.4115046352,31.8039677011
2015/04/28 08:27:23,4400,C,-24.4097316149,31.8004260932
2015/04/28 08:28:09,797,C,-24.408790413,31.7967279859
2015/04/28 08:29:00,4090,C,-24.4084207431,31.7952646829
2015/04/28 08:29:25,4131,C,-24.4084207431,31.7952646829
2015/04/28 08:33:28,4103,A,-24.4079833447,31.7939209546
2015/04/28 08:36:52,4163,C,-24.4114846017,31.7832067624
2015/04/28 08:37:26,737,C,-24.4146487828,31.7823528037
2015/04/28 08:39:43,198,B,-24.4235356731,31.7853295506
2015/04/28 08:42:01,4160,A,-24.4357872962,31.787710582
2015/04/28 08:43:00,537,A,-24.4421547499,31.7883020402
2015/04/28 08:43:13,454,A,-24.4433042338,31.7886773134
2015/04/28 08:44:36,462,B,-24.4512255274,31.7899504298
2015/04/28 08:45:50,797,C,-24.4582170949,31.7874814604
2015/04/28 08:46:28,464,A,-24.461712055,31.7857715658
2015/04/28 08:51:20,158,A,-24.4770402925,31.7820927004
2015/04/28 08:52:33,4166,C,-24.480125507,31.7803754302
2015/04/28 08:53:48,99,B,-24.4803397959,31.7802159124
2015/04/28 08:54:23,4301,B,-24.4828455195,31.7782879846
2015/04/28 08:56:38,265,B,-24.4906056155,31.7715716094
2015/04/28 08:57:10,454,A,-24.4931880259,31.7708214105
2015/04/28 09:01:59,463,A,-24.5096895691,31.7639729746
2015/04/28 09:04:02,4301,B,-24.5210151689,31.7660917183
2015/04/28 09:05:51,158,A,-24.5235882568,31.7670530135
2015/04/28 09:07:22,453,A,-24.5235882568,31.7670530135
2015/04/28 09:12:43,463,A,-24.5537227224,31.7700053139
2015/04/28 09:18:16,401,A,-24.5787993805,31.7841005113
2015/04/28 09:19:39,4131,C,-24.5888332654,31.7862512346
2015/04/28 09:21:58,93,A,-24.5911452416,31.7874822456
2015/04/28 09:22:18,369,A,-24.5911452416,31.7874822456
2015/04/28 09:22:38,371,C,-24.5911452416,31.7874822456
2015/04/28 09:23:07,384,B,-24.5911452416,31.7874822456
2015/04/28 09:29:01,462,A,-24.6173903152,31.7929381685
2015/04/28 09:29:23,4301,C,-24.6183002206,31.7935760691
2015/04/28 09:35:23,4090,C,-24.6193275052,31.7942391034
2015/04/28 09:35:41,4166,D,-24.6193279459,31.7942483133
2015/04/28 09:35:51,4160,A,-24.6193203559,31.7942441076
2015/04/28 09:36:13,4131,C,-24.6193121466,31.7942455764
2015/04/28 09:36:27,4320,D,-24.6193075079,31.7942431902
2015/04/28 09:37:13,113,D,-24.6193238569,31.7942301741
2015/04/28 09:37:25,74,A,-24.6193487973,31.7942237107
2015/04/28 09:37:40,99,A,-24.6193588999,31.794179163
2015/04/28 09:37:53,4062,A,-24.619368906,31.7942053181
2015/04/28 09:38:18,105,C,-24.6193802985,31.7941682401
2015/04/28 09:41:17,116,C,-24.6193248761,31.7942426162
2015/04/28 09:45:02,155,A,-24.6192274927,31.7941750989
2015/04/28 09:46:48,8,A,-24.6206354112,31.7950334794
2015/04/28 09:53:18,462,A,-24.6599022874,31.7974660981
2015/04/28 09:55:05,454,B,-24.6685310688,31.7971164437
2015/04/28 10:02:59,454,A,-24.7116373628,31.8286893112
2015/04/28 10:06:18,4062,C,-24.7221219084,31.8344847927
2015/04/28 10:06:28,4090,C,-24.7221219084,31.8344847927
2015/04/28 10:06:49,4160,C,-24.7220890882,31.8344785903
2015/04/28 10:07:01,4166,D,-24.7220890882,31.8344785903
2015/04/28 10:07:18,4301,C,-24.7220890882,31.8344785903
2015/04/28 10:07:32,113,C,-24.7220890882,31.8344785903
2015/04/28 10:07:57,258,B,-24.7220890882,31.8344785903
2015/04/28 10:08:32,106,A,-24.7220890882,31.8344785903
2015/04/28 10:09:05,4400,A,-24.7220890882,31.8344785903
2015/04/28 10:09:48,265,B,-24.7220890882,31.8344785903
2015/04/28 10:10:28,2001,A,-24.7221067222,31.8344653472
2015/04/28 10:14:12,158,A,-24.7300243211,31.8390095781
2015/04/28 10:14:38,4163,C,-24.7301656051,31.8390613133
2015/04/28 10:20:51,454,A,-24.7549583984,31.8698252631
2015/04/28 10:22:10,704,A,-24.7581332367,31.8739800068
2015/04/28 10:22:34,4160,A,-24.7593020771,31.8744137094
2015/04/28 10:23:07,728,B,-24.7615484719,31.8744174786
2015/04/28 10:23:20,4131,E,-24.7620115698,31.8743156228
2015/04/28 10:26:08,537,A,-24.7782191605,31.8706567942
2015/04/28 10:30:17,4131,E,-24.7811971297,31.8673034595
2015/04/28 10:31:08,737,D,-24.7828298259,31.863780557
2015/04/28 11:10:08,730,D,-24.7865499448,31.8589600951
2015/04/28 11:10:35,731,D,-24.7862034874,31.8590220487
2015/04/28 11:11:10,365,A,-24.7865399761,31.8594384409
2015/04/28 11:11:27,4321,D,-24.7875907883,31.8593302081
2015/04/28 11:11:54,368,A,-24.789237449,31.8607677447
2015/04/28 11:13:12,158,A,-24.7938703413,31.8646749538
2015/04/28 11:18:55,140,A,-24.8026652964,31.8551705088
2015/04/28 11:19:26,454,A,-24.8036968778,31.8537821269
2015/04/28 11:19:49,463,A,-24.8048045398,31.8526111037
2015/04/28 11:23:40,160,A,-24.811890492,31.8474496221
2015/04/28 11:25:00,537,A,-24.8173586894,31.8423031265
2015/04/28 11:30:01,722,C,-24.8274429327,31.8343686427
2015/04/28 11:32:19,4131,D,-24.8327388832,31.826103752
2015/04/28 11:37:17,731,C,-24.8373396925,31.8133652471
2015/04/28 11:39:02,4131,D,-24.836521267,31.8096732691
2015/04/28 11:39:19,4301,A,-24.836521267,31.8096732691
2015/04/28 11:39:44,371,D,-24.836521267,31.8096732691
2015/04/28 11:44:22,463,A,-24.8415181977,31.8101740987
2015/04/28 11:46:25,4060,A,-24.847226415,31.8021517909
2015/04/28 11:49:47,704,C,-24.8547649608,31.7965241195
2015/04/28 11:51:23,450,B,-24.8587817465,31.793023852
2015/04/28 11:58:21,4064,B,-24.8759966708,31.7684416079
2015/04/28 11:59:16,737,C,-24.8760534338,31.7683838819
2015/04/28 12:04:05,4102,A,-24.8807893152,31.7609750941
2015/04/28 12:06:54,198,A,-24.8880661237,31.7546923267
2015/04/28 12:10:41,4131,C,-24.8995493763,31.7491980818
2015/04/28 12:15:03,719,C,-24.8989328764,31.7485886229
2015/04/28 12:16:05,537,C,-24.8987922137,31.7486227629
2015/04/28 12:17:02,672,B,-24.898775909,31.7485577188
2015/04/28 12:19:49,308,A,-24.8988036719,31.7480594519
2015/04/28 12:22:08,4163,C,-24.8995713122,31.7493667662
2015/04/28 12:27:39,384,A,-24.9044370687,31.7468555031
2015/04/28 12:31:53,4090,D,-24.8973020477,31.733320325
2015/04/28 12:32:17,4166,A,-24.8973020477,31.733320325
2015/04/28 12:37:15,113,B,-24.8972784249,31.7320044277
2015/04/28 12:38:08,268,B,-24.8972430632,31.7320571862
2015/04/28 12:41:58,86,A,-24.897343699,31.7320131623
2015/04/28 12:42:08,4131,C,-24.8973399334,31.7320099223
2015/04/28 12:47:25,4062,C,-24.9006822324,31.7329946659
2015/04/28 12:48:44,537,A,-24.9004215841,31.7277395542
2015/04/28 12:51:22,4060,A,-24.9087414076,31.7186297464
2015/04/28 12:55:43,4131,D,-24.9274900653,31.703089129
2015/04/28 12:58:20,454,A,-24.9327356175,31.7000167509
2015/04/28 12:58:30,464,B,-24.9334975268,31.7004558999
2015/04/28 13:01:08,4163,C,-24.9400459604,31.7103960587
2015/04/28 13:01:16,4301,C,-24.9400459604,31.7103960587
2015/04/28 13:01:56,158,A,-24.9406970651,31.710672378
2015/04/28 13:03:40,4131,C,-24.9501390082,31.7151798134
2015/04/28 13:03:59,212,D,-24.9513668481,31.715333421
2015/04/28 13:04:17,371,A,-24.9523759429,31.715731956
2015/04/28 13:06:53,99,A,-24.9540563384,31.7165568082
2015/04/28 13:10:10,520,A,-24.957301328,31.7164664921
2015/04/28 13:10:27,537,A,-24.958241288,31.7154859799
2015/04/28 13:11:06,4131,D,-24.9597281652,31.7142581034
2015/04/28 13:13:58,4107,A,-24.9613254458,31.7110299197
2015/04/28 13:15:24,672,A,-24.9625753696,31.7089866611
2015/04/28 13:16:04,678,A,-24.9641269806,31.7060160093
2015/04/28 13:16:55,737,B,-24.9645034341,31.7044816602
2015/04/28 13:20:53,4131,D,-24.9647453569,31.6930074354
2015/04/28 13:21:54,4301,A,-24.9650351628,31.6919486515
2015/04/28 13:23:07,4321,C,-24.9653862164,31.6888362598
2015/04/28 13:24:32,4400,A,-24.9657659932,31.6866721145
2015/04/28 13:24:47,4026,A,-24.9657187834,31.6866462812
2015/04/28 13:29:48,4131,D,-24.9658802934,31.6796119741
2015/04/28 13:35:44,728,B,-24.9774667603,31.6533445915
2015/04/28 13:36:02,4131,D,-24.977787358,31.6520538453
2015/04/28 13:38:06,4321,D,-24.9793933445,31.6451483244
2015/04/28 13:41:49,2001,A,-24.9802004105,31.6406515424
2015/04/28 13:47:29,4131,D,-24.9909946799,31.612608799
2015/04/28 13:47:45,4321,A,-24.9915018879,31.6109752306
2015/04/28 13:49:41,537,A,-25.001300759,31.6061217074
2015/04/28 14:41:07,374,D,-24.9949053646,31.5918593084
2015/04/28 14:42:02,654,B,-24.9963293573,31.5920280344
2015/04/28 14:42:29,105,C,-24.9975672924,31.5921302373
2015/04/28 14:42:40,113,A,-24.998175847,31.5921501303
2015/04/28 14:43:02,368,C,-24.9997600901,31.592799201
2015/04/28 14:43:24,730,C,-25.00131543,31.5935111672
2015/04/28 14:43:51,2201,A,-25.0031276624,31.5943623684
2015/04/28 14:43:59,2011,A,-25.0035900088,31.5945323874
2015/04/28 14:45:51,4321,B,-25.0104632023,31.5898303342
2015/04/28 14:46:28,212,C,-25.0137270609,31.5887096332
2015/04/28 14:52:18,158,A,-25.0455745019,31.5892299243
2015/04/28 14:54:11,454,A,-25.0500593374,31.5797983639
2015/04/28 14:57:25,4131,D,Unable to determine GPS,Unable to determine GPS
2015/04/28 15:01:49,384,A,-25.0690607006,31.5483714585
2015/04/28 15:05:26,454,A,-25.0875218468,31.5462565843
2015/04/28 15:09:06,728,A,-25.092337235,31.5388768455
2015/04/28 15:09:23,4131,D,-25.0928756474,31.5380874426
2015/04/28 15:11:29,537,A,-25.0984931742,31.525443953
2015/04/28 15:13:48,464,A,-25.1065422335,31.511773072
2015/04/28 15:19:15,537,C,-25.106145189,31.488051013
2015/04/28 15:19:24,4090,B,-25.1064350487,31.4880051714
2015/04/28 15:21:08,704,A,-25.1135524102,31.4894311692
2015/04/28 15:22:15,4131,D,-25.1173911307,31.4898838047
2015/04/28 15:25:31,249,A,-25.118801016,31.4912466512
2015/04/28 15:25:44,99,B,-25.118801016,31.4912466512
2015/04/28 15:26:05,113,C,-25.118801016,31.4912466512
2015/04/28 15:27:13,86,A,-25.118801016,31.4912466512
2015/04/28 15:27:53,704,D,-25.1188385517,31.4912523403
2015/04/28 15:28:08,4166,A,-25.118822363,31.4912330998
2015/04/28 15:28:38,4062,A,-25.1187918447,31.4912527793
2015/04/28 15:28:49,4301,A,-25.1188021296,31.4912608338
2015/04/28 15:29:06,463,A,-25.1187986453,31.4912469031
2015/04/28 15:29:16,268,A,-25.1187935854,31.4912325256
2015/04/28 15:29:47,728,A,-25.1188202845,31.4912664866
2015/04/28 15:31:13,160,A,-25.1192898689,31.4903378488
2015/04/28 15:32:56,4321,A,-25.1204338544,31.4903284332
2015/04/28 15:41:02,462,A,-25.1016358997,31.4828041408
2015/04/28 15:50:45,433,C,-25.1022132554,31.4217819921
2015/04/28 15:50:59,730,A,-25.1023495879,31.4213835521
2015/04/28 16:11:22,4131,D,-25.1352187679,31.3369163869
2015/04/28 16:13:11,4060,D,-25.1367176347,31.330905839
2015/04/28 16:19:50,96,A,-25.1434821069,31.324613429
2015/04/28 16:20:04,4061,A,-25.1435488729,31.3248636416
2015/04/28 16:20:46,4062,A,-25.1438914551,31.3254333009
2015/04/28 16:20:57,4166,D,-25.1439852058,31.325420479
2015/04/28 16:21:13,97,D,-25.1441268249,31.3253527369
2015/04/28 16:21:35,113,C,-25.1440929698,31.3253547466
2015/04/28 16:21:44,2001,A,-25.1440779474,31.3253640635
2015/04/28 16:23:29,74,A,-25.1440341472,31.3254064659
2015/04/28 16:24:33,268,C,-25.1434726889,31.3257971886
2015/04/28 16:24:53,454,A,-25.1435231137,31.3249212513
2015/04/28 16:44:40,537,A,-25.1809122737,31.2786034178
2015/04/28 16:49:52,4281,B,-25.1882392222,31.2816175021
2015/04/28 16:50:09,4041,A,-25.1882506886,31.2816235971
2015/04/28 16:56:54,173,A,-25.2033697565,31.2819197184
2015/04/28 17:06:36,4163,A,-25.21238183,31.2693820794
2015/04/28 17:06:52,4166,D,-25.2121887601,31.2693367987
2015/04/28 17:13:32,140,A,-25.2089175717,31.2605954552
2015/04/28 17:14:52,537,C,-25.2062418388,31.2589023249
2015/04/28 17:29:27,556,A,-25.1700388838,31.2481657149
2015/04/28 17:40:10,4301,A,-25.1653354973,31.2652817775
2015/04/28 20:08:49,4007,A,Unable to determine GPS,Unable to determine GPS
2015/04/29 06:11:18,4163,A,-25.1684861192,31.2680502714
2015/04/29 06:18:34,537,A,-25.1619261331,31.2453148957
2015/04/29 06:22:38,665,A,-25.1646594972,31.2481144296
2015/04/29 06:29:11,4061,A,-25.1704682565,31.2497536324
2015/04/29 06:34:14,556,B,-25.1740282338,31.260111514
2015/04/29 06:34:59,4131,D,-25.1746831239,31.2608737927
2015/04/29 06:38:15,4060,C,-25.1806768129,31.2667601259
2015/04/29 07:09:04,4166,C,-25.2103622225,31.2650663635
2015/04/29 07:24:00,665,B,-25.2013329272,31.28263991
2015/04/29 07:24:23,537,A,-25.2010306701,31.2827713683
2015/04/29 07:35:25,537,B,-25.2005888284,31.2829090261
2015/04/29 07:42:22,155,A,-25.1519524084,31.2870809643
2015/04/29 07:42:55,537,A,-25.1519524084,31.2870809643
2015/04/29 07:44:09,4061,B,-25.1520472168,31.2896564046
2015/04/29 07:54:02,454,A,-25.1424314087,31.3230427397
2015/04/29 07:55:56,99,A,-25.1430589348,31.323821537
2015/04/29 07:56:09,4061,E,-25.1430589348,31.323821537
2015/04/29 08:07:29,737,D,-25.1430862444,31.3238657914
2015/04/29 08:13:13,96,A,-25.1431102156,31.3239513018
2015/04/29 08:14:44,4166,A,-25.1404782901,31.322249603
2015/04/29 08:40:12,4064,C,-25.1147908595,31.3992504591
2015/04/29 08:46:18,4026,A,-25.1052372946,31.4159153511
2015/04/29 08:50:51,158,A,-25.1003300041,31.4314039896
2015/04/29 08:52:02,454,A,-25.1000785628,31.4326935856
2015/04/29 08:59:24,4090,A,-25.1006328559,31.4786735111
2015/04/29 09:03:37,371,A,-25.1137898355,31.4896613874
2015/04/29 09:08:14,4090,D,-25.1188388031,31.4914665236
2015/04/29 09:08:24,4131,D,-25.1188388031,31.4914665236
2015/04/29 09:08:41,4166,D,-25.1188388031,31.4914665236
2015/04/29 09:09:04,265,A,-25.1188388031,31.4914665236
2015/04/29 09:10:50,249,A,-25.1188388031,31.4914665236
2015/04/29 09:15:38,463,A,-25.1187636821,31.4914665675
2015/04/29 09:15:50,2001,A,-25.1187810108,31.4914505969
2015/04/29 09:16:15,113,B,-25.1187959785,31.4914918063
2015/04/29 09:18:41,4062,B,-25.1186854603,31.4913684553
2015/04/29 09:19:29,537,A,-25.1188027216,31.4912964406
2015/04/29 09:23:37,704,C,-25.1094296891,31.4868873205
2015/04/29 09:38:39,464,C,-25.0932008392,31.535098533
2015/04/29 09:43:17,556,A,-25.1002016897,31.5468126239
2015/04/29 09:43:38,831,A,-25.1002401964,31.5467978969
2015/04/29 09:43:55,463,A,-25.1002731749,31.5467741893
2015/04/29 09:44:55,537,A,-25.1027959763,31.5456198273
2015/04/29 09:45:03,4131,D,-25.1028551082,31.5455754386
2015/04/29 09:46:50,198,C,-25.1095185076,31.544038307
2015/04/29 09:48:13,704,A,-25.1148970909,31.5431011118
2015/04/29 09:49:10,207,A,-25.1159616743,31.5431928044
2015/04/29 09:49:40,463,A,-25.1160157394,31.5432526745
2015/04/29 09:52:10,4064,C,-25.1172980798,31.5441522547
2015/04/29 09:57:36,4064,C,-25.1179168945,31.545178224
2015/04/29 09:58:45,737,C,-25.1202951679,31.5477530961
2015/04/29 09:58:56,728,A,-25.1211545417,31.5483110529
2015/04/29 10:02:37,384,A,-25.128862171,31.5515104472
2015/04/29 10:04:31,704,A,-25.1385402242,31.5560035808
2015/04/29 10:05:57,158,A,-25.1407540268,31.5570933149
2015/04/29 10:08:57,4064,C,-25.1442921767,31.5590453248
2015/04/29 10:14:17,4163,B,-25.1470824115,31.5574943021
2015/04/29 10:20:33,133,C,-25.1576091164,31.5598862838
2015/04/29 10:26:21,4131,D,-25.1811994398,31.5646916872
2015/04/29 10:26:41,737,A,-25.1825624573,31.5644659394
2015/04/29 10:31:27,4160,A,-25.2029441971,31.572241825
2015/04/29 10:31:39,4301,C,-25.2028785575,31.5723704522
2015/04/29 10:34:03,672,A,-25.2024772285,31.5765423725
2015/04/29 10:47:23,97,B,-25.2121842674,31.5926468406
2015/04/29 10:47:34,4060,C,-25.2122658394,31.5929966521
2015/04/29 10:52:28,537,A,-25.2250966115,31.5901940191
2015/04/29 10:53:59,454,A,-25.2278427094,31.5911757312
2015/04/29 10:54:56,4166,C,-25.2288650408,31.5934049581
2015/04/29 10:58:54,731,A,-25.2373233319,31.5988034092
2015/04/29 11:02:08,728,A,-25.2436429152,31.6020567145
2015/04/29 11:02:55,205,B,-25.2445353608,31.6039675495
2015/04/29 11:04:31,158,A,-25.2502210351,31.605810613
2015/04/29 11:05:33,462,A,-25.2518718945,31.605891184
2015/04/29 11:08:36,4061,A,-25.2539057962,31.6052548509
2015/04/29 11:09:21,596,A,-25.2539057962,31.6052548509
2015/04/29 11:13:16,464,B,-25.2562958707,31.6090709583
2015/04/29 11:18:31,4281,A,-25.2617575081,31.6151703114
2015/04/29 11:22:59,730,A,-25.2647255149,31.6209664474
2015/04/29 11:27:55,4131,C,-25.277360321,31.6228996776
2015/04/29 11:30:52,97,B,-25.2781300234,31.6230926249
2015/04/29 11:31:12,158,A,-25.2781300234,31.6230926249
2015/04/29 11:35:45,268,C,-25.2787935994,31.6235069891
2015/04/29 11:44:32,93,A,-25.2793138359,31.6233098404
2015/04/29 11:44:46,74,A,-25.2794633371,31.6234485
2015/04/29 11:45:00,4062,A,-25.2798370136,31.6234798958
2015/04/29 11:45:38,4400,A,-25.2812379618,31.6227883851
2015/04/29 11:46:40,454,A,-25.2826347185,31.6197627751
2015/04/29 11:53:00,466,B,-25.2974365862,31.6124143095
2015/04/29 11:56:53,158,B,-25.3071444961,31.6060630604
2015/04/29 12:01:59,245,A,-25.3221402682,31.594902522
2015/04/29 12:02:35,537,A,-25.3244352595,31.5926650714
2015/04/29 12:05:24,454,A,-25.3320441497,31.5863474192
2015/04/29 12:15:05,4131,A,-25.366611655,31.5774876075
2015/04/29 12:15:35,158,A,-25.367276296,31.5773380853
2015/04/29 12:19:34,4005,A,-25.3684321352,31.5769970752
2015/04/29 12:21:25,435,A,-25.3689229884,31.5768115786
2015/04/29 12:22:25,93,A,-25.3703438517,31.5768515603
2015/04/29 12:23:19,2606,A,-25.3703449607,31.5768905083
2015/04/29 12:23:31,4060,D,-25.3703480761,31.5766497891
2015/04/29 12:24:51,463,A,-25.3740816258,31.5728986222
2015/04/29 12:30:07,537,A,-25.3974336592,31.5645779923
2015/04/29 12:38:24,722,A,-25.4206005273,31.5544799829
2015/04/29 12:43:42,4041,C,-25.4293504176,31.5437812906
2015/04/29 12:46:25,4131,A,Unable to determine GPS,Unable to determine GPS
2015/04/29 12:47:36,160,A,Unable to determine GPS,Unable to determine GPS
2015/04/29 12:49:38,481,A,-25.4378587072,31.5252183837
2015/04/29 12:50:10,464,A,-25.4384669786,31.5237783099
2015/04/29 12:51:31,711,B,-25.438460301,31.5239460651
2015/04/29 12:52:34,4131,D,-25.4381280968,31.5205114379
2015/04/29 12:55:33,4061,A,-25.441007912,31.5144588877
2015/04/29 12:56:05,113,B,-25.4406487683,31.5145939552
2015/04/29 12:58:43,831,A,-25.4390523944,31.5102942225
2015/04/29 13:00:08,537,A,-25.4379125729,31.507431297
2015/04/29 13:07:17,463,A,-25.4227101662,31.4888028081
2015/04/29 13:09:46,4131,C,-25.4198835017,31.4836478059
2015/04/29 13:10:23,464,A,-25.4202773586,31.4820019836
2015/04/29 13:12:29,537,A,-25.4223769571,31.4749026382
2015/04/29 13:17:51,454,A,-25.4178179273,31.4606637822
2015/04/29 13:35:36,4064,A,-25.4025714195,31.4368512571
2015/04/29 13:35:42,4060,A,-25.402480801,31.4370531773
2015/04/29 13:35:52,4061,B,-25.4024756993,31.4373886739
2015/04/29 13:36:02,212,A,-25.4028064853,31.4374371116
2015/04/29 13:36:13,730,A,-25.4030214215,31.4374795805
2015/04/29 13:43:04,4400,C,-25.4140302439,31.4410042055
2015/04/29 13:43:22,4131,C,-25.4154013805,31.4411836127
2015/04/29 13:46:26,449,A,-25.4248651671,31.4383889101
2015/04/29 13:48:07,4163,B,-25.4277689286,31.4377952945
2015/04/29 13:51:58,4281,A,-25.4268577597,31.4470762347
2015/04/29 14:25:25,737,A,-25.4346466514,31.4435314172
2015/04/29 14:25:54,4131,D,-25.4376223589,31.4450736834
2015/04/29 14:27:36,4061,A,-25.4459032234,31.450623369
2015/04/29 14:29:11,730,A,-25.4502913143,31.4545003502
2015/04/29 14:32:46,4064,C,-25.4548959515,31.4679857707
2015/04/29 14:33:49,4400,A,-25.458079301,31.473739681
2015/04/29 14:34:33,463,B,-25.4602878124,31.4788252654
2015/04/29 14:39:36,454,A,-25.4659855381,31.5095586783
2015/04/29 14:41:56,704,A,-25.4679960257,31.5102251917
2015/04/29 14:48:38,4040,C,-25.4764361988,31.5127190634
2015/04/29 14:51:22,368,A,-25.4764918197,31.512715021
2015/04/29 14:51:38,467,C,-25.4764914619,31.5127253421
2015/04/29 15:16:43,69,A,-25.4605277612,31.534864852
2015/04/29 15:16:54,311,A,-25.4606822117,31.5346516472
2015/04/29 15:17:19,113,C,-25.460824877,31.534408765
2015/04/29 15:17:44,86,A,-25.460935143,31.5342197609
2015/04/29 15:17:56,76,A,-25.4612386279,31.5338069525
2015/04/29 15:20:01,74,B,-25.4625046105,31.53193587
2015/04/29 15:21:02,102,D,-25.4638823196,31.5296494417
2015/04/29 15:21:28,4301,C,-25.4640984228,31.5284740118
2015/04/29 15:22:49,160,A,-25.4604927819,31.5206164155
2015/04/29 15:38:36,4027,C,-25.3738920845,31.5152732415
2015/04/29 16:14:45,4163,A,-25.3595703184,31.5165272621
2015/04/29 16:14:58,4131,C,-25.3595131356,31.5167139694
2015/04/29 16:23:28,384,A,-25.3629804253,31.5328122058
2015/04/29 16:30:25,4321,A,-25.3676625537,31.5528648211
2015/04/29 16:31:51,4131,C,-25.3685133129,31.5542921783
2015/04/29 16:33:11,537,B,-25.3681037898,31.5572627404
2015/04/29 16:33:37,366,A,-25.3677348826,31.559046575
2015/04/29 16:34:02,797,A,-25.3671752118,31.5612184913
2015/04/29 16:37:22,704,A,-25.3677538787,31.575328191
2015/04/29 16:40:31,537,A,-25.3692434189,31.5790695967
2015/04/29 16:40:45,4064,B,-25.3692706306,31.5796610699
2015/04/29 16:41:42,4131,C,-25.3693071791,31.5807830349
2015/04/29 16:42:02,384,B,-25.3692903771,31.5813197542
2015/04/29 16:44:07,728,A,-25.3704945116,31.5856079851
2015/04/29 16:45:02,4060,A,-25.3706488897,31.5869497743
2015/04/29 16:50:00,366,A,-25.3706114717,31.592644154
2015/04/29 16:51:14,4281,A,-25.3713118977,31.5953696204
2015/04/29 16:52:12,704,A,-25.3710091065,31.5992938427
2015/04/29 16:57:57,4060,A,-25.3709072309,31.6042183175
2015/04/29 16:58:34,728,B,-25.3714924507,31.60472534
2015/04/29 16:58:47,4131,D,-25.3714924507,31.60472534
2015/04/29 17:01:02,737,D,-25.3730972478,31.6070434167
2015/04/29 17:01:14,4281,B,-25.3730972478,31.6070434167
2015/04/29 17:01:59,205,A,-25.3731792288,31.6075743355
2015/04/29 17:02:28,198,C,-25.3733039075,31.607807445
2015/04/29 17:15:51,4064,B,-25.3733371666,31.608653708
2015/04/29 17:16:34,93,A,-25.3743164659,31.6111557568
2015/04/29 17:16:58,366,C,-25.3760501733,31.6119015829
2015/04/29 17:19:26,258,A,-25.3829961602,31.6082907645
2015/04/29 17:19:37,4131,D,-25.3835204796,31.6085189247
2015/04/29 17:31:00,100,C,-25.4175940608,31.5543411789
2015/04/29 17:38:02,4004,A,-25.431412351,31.5406302823
2015/04/29 17:38:17,4131,D,-25.4322613719,31.5389576544
2015/04/29 17:39:26,4064,C,-25.4356267615,31.5321591908
2015/04/30 06:10:14,4060,D,-25.4763355631,31.5126824762
2015/04/30 06:10:43,113,C,-25.4701358195,31.5106299721
2015/04/30 06:13:53,463,A,-25.4633848848,31.5117105103
2015/04/30 06:15:09,4131,D,-25.4607934145,31.5146015305
2015/04/30 06:15:50,537,B,-25.4587920969,31.5155079961
2015/04/30 06:16:16,704,A,-25.4575769143,31.5154175773
2015/04/30 06:19:09,4060,C,-25.4538360625,31.511633169
2015/04/30 06:22:48,134,C,-25.4514465504,31.5126164341
2015/04/30 06:25:57,4131,C,-25.4448683424,31.5130375599
2015/04/30 06:27:26,93,A,-25.4405698369,31.5146025555
2015/04/30 06:30:39,537,A,-25.4387660565,31.5229170851
2015/04/30 06:44:58,4064,C,-25.4317988048,31.5396456049
2015/04/30 06:45:22,265,C,-25.4317455749,31.5396445138
2015/04/30 06:45:40,212,A,-25.4317671796,31.539643954
2015/04/30 06:46:51,737,D,-25.4302624261,31.5422594517
2015/04/30 06:48:04,198,A,-25.428157766,31.54653741
2015/04/30 06:52:13,464,A,-25.4246131751,31.5514975626
2015/04/30 06:53:15,384,A,-25.4229553787,31.55291012
2015/04/30 06:53:28,401,A,-25.4227953325,31.5530508516
2015/04/30 06:56:18,704,A,-25.4144103465,31.5572355956
2015/04/30 06:58:51,454,A,-25.4080208132,31.5618184547
2015/04/30 07:03:03,4131,D,-25.3979435214,31.5669023287
2015/04/30 07:06:09,198,C,-25.3950249615,31.5730495939
2015/04/30 07:09:24,384,C,-25.3922944498,31.5874823975
2015/04/30 07:11:32,4060,A,-25.3931506054,31.5922645279
2015/04/30 07:15:35,198,A,-25.3909519752,31.6059904441
2015/04/30 07:17:08,464,A,-25.3919212469,31.6113055904
2015/04/30 07:17:58,4321,D,-25.3919226264,31.6117463334
2015/04/30 07:24:36,4131,C,-25.3930020538,31.6292435626
2015/04/30 07:25:09,463,A,-25.393276853,31.6314956152
2015/04/30 07:26:39,704,A,-25.3940675577,31.6386338928
2015/04/30 07:28:57,265,D,-25.3949451292,31.6481711309
2015/04/30 07:31:08,474,A,-25.3942849193,31.6504850701
2015/04/30 07:33:42,158,A,-25.3933285939,31.6587516719
2015/04/30 07:36:51,205,A,-25.3931153512,31.6689510693
2015/04/30 07:41:00,366,A,-25.3892538397,31.685490549
2015/04/30 07:41:37,113,C,-25.3887755798,31.6877705192
2015/04/30 07:41:50,4131,C,-25.3883592909,31.6886323619
2015/04/30 07:44:21,384,D,-25.3847793822,31.6967961475
2015/04/30 07:45:39,704,A,-25.384328536,31.6973278842
2015/04/30 07:46:36,464,A,-25.3842814409,31.6973559318
2015/04/30 07:50:38,113,C,-25.3821107338,31.7027670777
2015/04/30 07:51:54,435,A,-25.3817552074,31.7032701332
2015/04/30 07:52:08,449,A,-25.3817552074,31.7032701332
2015/04/30 07:52:38,268,A,-25.3816470498,31.7032435152
2015/04/30 07:54:28,366,A,-25.3823595286,31.7022760666
2015/04/30 07:55:50,4166,C,-25.3803026719,31.7042577612
2015/04/30 07:58:56,84,A,-25.3801491211,31.7046120909
2015/04/30 08:01:15,384,C,-25.376806289,31.7059080965
2015/04/30 08:01:55,158,A,-25.3752774709,31.7070531186
2015/04/30 08:08:45,148,A,-25.370072682,31.7081002589
2015/04/30 08:10:24,454,A,-25.3678931421,31.7099855191
2015/04/30 08:11:23,463,A,-25.3649104349,31.7132959886
2015/04/30 08:21:10,454,C,-25.3444356427,31.7303788913
2015/04/30 08:23:30,366,A,-25.3391682172,31.7359527922
2015/04/30 08:27:39,4100,A,-25.3366660311,31.7378437424
2015/04/30 08:35:05,145,B,-25.3332098555,31.740314466
2015/04/30 08:35:19,4281,A,-25.3323661165,31.7409226851
2015/04/30 08:36:54,4321,C,-25.326529946,31.7440025294
2015/04/30 08:39:09,113,D,-25.3195687625,31.7465783853
2015/04/30 08:41:36,384,A,-25.3143932394,31.7455222146
2015/04/30 08:43:43,4131,D,-25.3079759547,31.7517934128
2015/04/30 08:44:04,537,A,-25.3065681351,31.7518046242
2015/04/30 08:44:22,728,A,-25.3051882215,31.7523868763
2015/04/30 08:45:54,4320,A,-25.3015065646,31.7562390392
2015/04/30 08:49:54,148,A,-25.295090463,31.7600197355
2015/04/30 08:50:55,4163,A,-25.2938432002,31.7609996148
2015/04/30 08:54:31,132,C,-25.2908932871,31.7639051267
2015/04/30 09:00:31,366,B,-25.2880496811,31.772005358
2015/04/30 09:00:50,384,A,-25.2880496811,31.772005358
2015/04/30 09:02:26,198,C,-25.2874501457,31.7757587241
2015/04/30 09:03:15,4301,C,-25.2888243431,31.7764070302
2015/04/30 09:03:23,4131,D,-25.2892314655,31.7765446364
2015/04/30 09:03:34,4281,A,-25.2897653109,31.7766203728
2015/04/30 09:08:25,4041,C,-25.3032563814,31.7807022578
2015/04/30 09:10:47,4131,D,-25.3112678775,31.789071387
2015/04/30 09:12:33,454,A,-25.31374587,31.7923857324
2015/04/30 09:14:20,4064,C,-25.314382852,31.7930189025
2015/04/30 09:15:00,737,B,-25.3147031804,31.7935668473
2015/04/30 09:19:17,4131,C,-25.3302041622,31.8132538411
2015/04/30 09:20:21,160,A,-25.3318527211,31.8168108772
2015/04/30 09:21:10,463,A,-25.3339752043,31.8190868188
2015/04/30 09:26:38,463,A,-25.3406743997,31.8501767613
2015/04/30 09:28:01,4160,A,-25.3416938972,31.8571664565
2015/04/30 09:28:59,4131,C,-25.3418939498,31.8577340252
2015/04/30 09:34:54,712,A,-25.3491137578,31.8756509186
2015/04/30 09:35:06,464,A,-25.3489386816,31.8763431915
2015/04/30 09:37:31,4041,C,-25.3489141417,31.8782324162
2015/04/30 09:38:29,463,A,-25.3479314872,31.8823456766
2015/04/30 09:41:35,4131,D,-25.3581746361,31.8931983526
2015/04/30 10:14:54,679,A,-25.3576868473,31.892273562
2015/04/30 10:15:14,383,A,-25.3576868473,31.892273562
2015/04/30 10:15:28,762,C,-25.3576868473,31.892273562
2015/04/30 10:15:56,463,A,-25.3576868473,31.892273562
2015/04/30 10:16:15,4131,C,-25.3576868473,31.892273562
2015/04/30 10:21:29,462,B,-25.3360568807,31.8796658971
2015/04/30 10:23:54,4005,A,-25.3364538735,31.879083821
2015/04/30 10:28:14,4131,C,-25.3364682573,31.8790312953
2015/04/30 10:37:23,4005,C,-25.3346666509,31.8797599817
2015/04/30 10:37:37,113,B,-25.3346609789,31.8797506338
2015/04/30 10:38:11,85,A,-25.3346197357,31.8796978493
2015/04/30 10:38:19,2606,A,-25.3346197357,31.8796978493
2015/04/30 10:46:08,148,A,-25.3345353777,31.886464328
2015/04/30 10:46:26,158,A,-25.3350503696,31.8869785325
2015/04/30 10:50:27,4131,C,-25.3328866379,31.899733619
2015/04/30 10:51:42,704,A,-25.3305236544,31.9031084253
2015/04/30 10:53:09,454,A,-25.324793388,31.9061353255
2015/04/30 10:54:49,97,A,-25.3221345631,31.9068326159
2015/04/30 10:55:28,4160,A,-25.3219755019,31.9069011778
2015/04/30 10:56:07,4131,C,-25.3195345128,31.9080347524
2015/04/30 10:57:08,4061,E,-25.3190700635,31.9084124011
2015/04/30 10:57:16,4400,A,-25.3187833628,31.9085538086
2015/04/30 10:57:25,4090,C,-25.3181099133,31.9089182292
2015/04/30 10:59:27,454,A,-25.3078035421,31.9150816855
2015/04/30 10:59:52,464,A,-25.3056276614,31.9164538478
2015/04/30 11:05:16,4301,C,-25.280427589,31.9261404589
2015/04/30 11:05:26,4160,A,-25.2796102246,31.9264769337
2015/04/30 11:05:57,4090,D,-25.2771805594,31.9275109393
2015/04/30 11:07:10,454,A,-25.273019007,31.9309532276
2015/04/30 11:13:26,464,A,-25.2488802584,31.9468874484
2015/04/30 11:13:43,728,A,-25.2477472179,31.9479305958
2015/04/30 11:14:03,704,A,-25.2461755701,31.9485720771
2015/04/30 11:14:15,207,C,-25.2450313665,31.9487638041
2015/04/30 11:14:27,4301,C,-25.2438109768,31.9489212753
2015/04/30 11:15:13,4090,C,-25.239153038,31.9496164221
2015/04/30 11:15:41,454,A,-25.2370916986,31.950354907
2015/04/30 11:17:23,4160,C,-25.2297923821,31.9525600442
2015/04/30 11:18:28,1,A,-25.2297824261,31.9525653371
2015/04/30 11:21:58,704,A,-25.2193297269,31.9552116267
2015/04/30 11:22:28,4301,C,-25.2173875296,31.9553024484
2015/04/30 11:22:46,4160,E,-25.2166380973,31.9552997471
2015/04/30 11:24:04,4131,A,-25.2117966351,31.9551600219
2015/04/30 11:37:02,101,C,-25.2071723294,31.9593292204
2015/04/30 11:37:17,74,A,-25.2070585352,31.9586556236
2015/04/30 11:37:32,268,A,-25.2070246945,31.9577397054
2015/04/30 11:38:02,270,A,-25.2084003933,31.9562577855
2015/04/30 11:38:31,4062,C,-25.2095808512,31.9558138025
2015/04/30 11:38:44,2015,A,-25.2102096821,31.9557347949
2015/04/30 11:39:54,158,A,-25.2127849441,31.954511104
2015/04/30 11:41:11,463,A,-25.2141211607,31.9497500275
2015/04/30 11:42:40,207,C,-25.2144243531,31.9419275317
2015/04/30 11:44:49,4160,A,-25.2117064002,31.9320621292
2015/04/30 11:45:49,198,A,-25.2112038465,31.9276961103
2015/04/30 11:47:56,4301,C,-25.2136601611,31.9244264758
2015/04/30 11:55:38,797,C,-25.2080540346,31.9085794361
2015/04/30 11:58:19,728,A,-25.2088939321,31.8940266661
2015/04/30 11:58:42,464,A,-25.2094767123,31.8925683117
2015/04/30 11:59:08,4060,A,-25.2097370469,31.8916284455
2015/04/30 12:01:09,4131,C,-25.2043552222,31.8924367402
2015/04/30 12:05:35,371,C,-25.2030136496,31.8921301603
2015/04/30 12:05:55,258,A,-25.2030136496,31.8921301603
2015/04/30 12:06:05,797,C,-25.2030136496,31.8921301603
2015/04/30 12:06:16,4131,D,-25.2030136496,31.8921301603
2015/04/30 12:08:01,4321,A,-25.2029201558,31.8921686283
2015/04/30 12:10:21,730,A,-25.2104674964,31.8893328415
2015/04/30 12:13:59,4131,C,-25.2271836227,31.8870073936
2015/04/30 12:17:28,719,C,-25.2299480602,31.8886136728
2015/04/30 12:17:39,481,A,-25.2299480602,31.8886136728
2015/04/30 12:18:01,537,B,-25.2300520359,31.8886402654
2015/04/30 12:18:44,459,B,-25.2301421236,31.8886530486
2015/04/30 12:19:02,460,A,-25.2302604884,31.8886699946
2015/04/30 12:19:43,463,A,-25.2317694873,31.8887043943
2015/04/30 12:22:22,4090,C,-25.2416639215,31.8888113664
2015/04/30 12:22:30,4131,D,-25.2421509759,31.8884467018
2015/04/30 12:24:48,4301,C,-25.2523678666,31.8852701033
2015/04/30 12:25:43,462,A,-25.255979275,31.8839617488
2015/04/30 12:29:51,537,A,-25.27410681,31.8840049511
2015/04/30 12:30:09,463,C,-25.2751379814,31.8831812568
2015/04/30 12:30:25,704,A,-25.2764647251,31.8822810041
2015/04/30 12:31:33,454,A,-25.2819116301,31.8809468095
2015/04/30 12:32:55,4160,A,-25.2840807849,31.8740743491
2015/04/30 12:34:15,4131,A,-25.2828710984,31.8688168307
2015/04/30 12:34:53,4400,A,-25.2828867832,31.8658113445
2015/04/30 12:35:52,4090,C,-25.2835010592,31.8649690087
2015/04/30 12:37:03,719,C,-25.2839835763,31.8644792043
2015/04/30 12:41:05,4060,A,-25.2980830301,31.8627006906
2015/04/30 12:42:11,4131,C,-25.3010272464,31.8659852567
2015/04/30 12:55:10,101,C,-25.3348842114,31.8770417315
2015/04/30 12:55:36,435,A,-25.3348648498,31.8770412471
2015/04/30 12:55:49,74,A,-25.3348710858,31.8770281005
2015/04/30 12:56:40,464,A,-25.3368060249,31.8779824869
2015/04/30 12:57:19,704,A,-25.3365163485,31.8796660708
2015/04/30 12:59:08,4131,D,-25.3443716781,31.8834268759
2015/04/30 12:59:17,4160,B,-25.3451874494,31.8837603146
2015/04/30 13:28:42,101,A,-25.3618322675,31.8931927982
2015/04/30 13:29:19,105,D,-25.3625312754,31.8944446579
2015/04/30 13:29:28,113,D,-25.3626682782,31.8947003005
2015/04/30 13:29:53,249,A,-25.3634283644,31.8961139881
2015/04/30 13:30:14,268,C,-25.3635194193,31.89628293
2015/04/30 13:30:25,99,A,-25.3635194193,31.89628293
2015/04/30 13:30:44,4062,C,Unable to determine GPS,Unable to determine GPS
